{"cameraMode":{"drawMode":0,"name":"Shaded","section":"Shading Mode"},"sceneLighting":false,"audioPlay":false,"sceneViewState":{"showFog":true,"showMaterialUpdate":false,"showSkybox":false,"showFlares":true,"showImageEffects":true,"showParticleSystems":true},"in2DMode":false,"pivot":{"x":-0.22944879531860352,"y":0.04838863015174866,"z":0.037640929222106937},"rotation":{"x":0.08378895372152329,"y":0.8868343234062195,"z":-0.17765699326992036,"w":0.4182642996311188},"size":1.157111644744873,"orthographic":false}