{"cameraMode":{"drawMode":0,"name":"Shaded","section":"Shading Mode"},"sceneLighting":true,"audioPlay":false,"sceneViewState":{"showFog":true,"showMaterialUpdate":false,"showSkybox":true,"showFlares":true,"showImageEffects":true,"showParticleSystems":true},"in2DMode":false,"pivot":{"x":38.93265151977539,"y":3.720153331756592,"z":22.2664852142334},"rotation":{"x":0.17610837519168855,"y":0.5406938791275024,"z":-0.11694903671741486,"w":0.8142268061637878},"size":10.733417510986329,"orthographic":false}